,IMG,ITEM_ID,SKU,TITLE,MSHOPS_PRICE,QUANTITY,STATUS,URL,ITEM_LINK,CATEGORY,DESCRIPTION
4,https://http2.mlstatic.com/D_NQ_NP_756622-MLB80729271402_112024-O.jpg,MLB3918528005,003-2412-0007,Playstation 5 Slim 1tb - 30th Anniversary Digital Edition - Edição Limitada,"R$ 10.400,00",1,Ativo,https://www.collectorsguardian.com.br/MLB-3918528005-playstation-5-slim-1tb---30th-anniversary-digital-edition---edição-limitada-_JM#item_id=MLB3918528005,https://www.mercadolivre.com.br/anuncios/lista?filters=OMNI_ACTIVE|OMNI_INACTIVE|CHANNEL_NO_PROXIMITY_AND_NO_MP_MERCHANTS&page=1&search=3918528005,Consoles de videogames,"Console PlayStation 5 Slim Digital Edition com 1TB de armazenamento, acompanhado de controle DualSense na edição limitada de 30º aniversário. Apresenta design lindo e exclusivo comemorativo.

Itens Inclusos:
- Console PS5 Slim Digital Edition 1TB 30th Anniversary Limited Edition
- Controle DualSense 30th Anniversary Limited Edition
- Cabos de energia e conexão
- Caixa original com número de Série

Condição: A
- Produto em excelente estado, não utilizado.

Benefícios comprando conosco: 
- Frete grátis para todo Brasil	
- As imagens fornecidas são reais e detalham a condição do produto.
- Suporte completo ao cliente, garantindo uma transação segura e transparente.
- Desconto para pagamento a vista, não hesite em nos contatar!"
19,https://http2.mlstatic.com/D_NQ_NP_930379-MLB74088569156_012024-O.jpg,MLB3577762573,003-2410-0004,Playstation 4 20th Anniversary Limited Edition - Ps4 20 Anos,"R$ 21.500,00",1,Ativo,https://www.collectorsguardian.com.br/MLB-3577762573-playstation-4-20th-anniversary-limited-edition---ps4-20-anos-_JM#item_id=MLB3577762573,https://www.mercadolivre.com.br/anuncios/lista?filters=OMNI_ACTIVE|OMNI_INACTIVE|CHANNEL_NO_PROXIMITY_AND_NO_MP_MERCHANTS&page=1&search=3577762573,Consoles de videogames,"Este é um item verdadeiramente especial para os entusiastas do PlayStation e colecionadores entusiastas. Estamos oferecendo o console PS4 Edição 20 Anos, uma homenagem única aos 20 anos de sucesso da marca PlayStation. Este console é ainda mais especial, pois é numerado, e o seu número é o 12049 de um total de apenas 12.300 unidades produzidas em todo o mundo. Isso torna este exemplar ainda mais exclusivo e valioso para os fãs da marca.

O estado de conservação deste console é excelente. Tanto o console quanto o controle estão protegidos nos plásticos de fábrica, garantindo que você tenha uma experiência de desempacotamento emocionante e autêntica. A caixa pode apresentar alguns pequenos detalhes devido ao transporte ao longo dos anos, mas são mínimas e não afetam a integridade do produto em si.

Esta edição limitada não apenas presta homenagem à história da PlayStation, mas também é um testemunho da evolução dos jogos ao longo das décadas. Se você é um colecionador de itens raros de gaming ou simplesmente um entusiasta da marca PlayStation, esta é uma oportunidade única de adquirir um pedaço da história dos video games.

Não hesite em entrar em contato conosco caso tenha alguma dúvida ou deseje mais informações sobre este console PS4 Edição 20 Anos. Este é um item que certamente será o destaque da sua coleção.

Obs: Ao efetuar o pagamento à vista, é possível obter descontos. Além disso, em caso de compra de vários itens! Consulte nosso catálogo e não hesite em entrar em contato conosco para mais informações.
(TH)"
20,https://http2.mlstatic.com/D_NQ_NP_880298-MLB74198460759_012024-O.jpg,MLB3577902819,003-2410-0005,Playstation 4 - Dragon Quest Heroes Limited Edition- Ps4,"R$ 3.300,00",1,Ativo,https://www.collectorsguardian.com.br/MLB-3577902819-playstation-4---dragon-quest-heroes-limited-edition--ps4-_JM#item_id=MLB3577902819,https://www.mercadolivre.com.br/anuncios/lista?filters=OMNI_ACTIVE|OMNI_INACTIVE|CHANNEL_NO_PROXIMITY_AND_NO_MP_MERCHANTS&page=1&search=3577902819,Consoles de videogames,"Esta é uma oferta para os entusiastas de Dragon Quest e colecionadores de consoles exclusivos. Estamos disponibilizando o PS4 Dragon Quest Heroes Edição Limitada, um item que combina a beleza do universo Dragon Quest com a emocionante experiência de jogo oferecida pelo PlayStation 4.

Ao observar as imagens, você pode confirmar que o console está bem conservado e mantido em boas condições. Quanto à caixa, é importante notar que, devido ao transporte, pode haver alguns detalhes menores. No entanto, isso não afeta a qualidade do console em si.

Esta edição limitada é muito mais do que apenas um console. É uma homenagem à rica história e ao encanto da série Dragon Quest. Se você é um fã dedicado da franquia ou simplesmente aprecia o design único deste PS4, esta é uma oportunidade imperdível para adicionar algo especial à sua coleção de jogos.

Não perca a chance de possuir o PS4 Dragon Quest Heroes Edição Limitada e trazer para casa um pedaço do mundo mágico de Dragon Quest. Estamos à disposição para responder a todas as suas dúvidas e fornecer informações adicionais. Entre em contato conosco hoje mesmo para garantir este tesouro exclusivo.

Obs: Ao efetuar o pagamento à vista, é possível obter descontos. Além disso, em caso de compra de vários itens, consulte nosso catálogo e não hesite em entrar em contato conosco para mais informações.
(TH)"
30,https://http2.mlstatic.com/D_NQ_NP_825773-MLB74358809971_022024-O.jpg,MLB3586610971,002-2410-0042,Qposket Hopper Banpresto Bandai Netflix Stranger Things,"R$ 125,00",1,Ativo,https://www.collectorsguardian.com.br/MLB-3586610971-qposket-hopper-banpresto-bandai-netflix-stranger-things-_JM#item_id=MLB3586610971,https://www.mercadolivre.com.br/anuncios/lista?filters=OMNI_ACTIVE|OMNI_INACTIVE|CHANNEL_NO_PROXIMITY_AND_NO_MP_MERCHANTS&page=1&search=3586610971,Figuras de ação,"Explore o universo envolvente de Stranger Things com o boneco Qposket da Banpresto, apresentando o destemido personagem Hopper. Este item, novo e lacrado, promete elevar sua coleção a novos patamares, capturando a essência marcante de Hopper com detalhes impressionantes. Embora a caixa possa exibir pequenos detalhes devido ao tempo, a autenticidade deste colecionável é inquestionável. Não perca a oportunidade de ter uma peça única do carismático xerife em sua coleção."
31,https://http2.mlstatic.com/D_NQ_NP_925639-MLB74358807707_022024-O.jpg,MLB3586662481,002-2410-0043,Boneco Banpresto Qposket Stranger Things Dustin,"R$ 160,00",1,Ativo,https://www.collectorsguardian.com.br/MLB-3586662481-boneco-banpresto-qposket-stranger-things-dustin-_JM#item_id=MLB3586662481,https://www.mercadolivre.com.br/anuncios/lista?filters=OMNI_ACTIVE|OMNI_INACTIVE|CHANNEL_NO_PROXIMITY_AND_NO_MP_MERCHANTS&page=1&search=3586662481,Figuras de ação,"Leve para casa a magia de Stranger Things com o boneco Qposket da Banpresto, estrelando o adorável personagem Dustin. Este item novo e lacrado promete uma adição encantadora à sua coleção, capturando detalhes impressionantes. Embora a caixa possa ter pequenos detalhes devido ao tempo, a autenticidade e charme deste colecionável são inegáveis. Não perca a chance de ter um pedaço do mundo de Stranger Things em suas mãos."
35,https://http2.mlstatic.com/D_NQ_NP_617232-MLB74539301696_022024-O.jpg,MLB3603771955,003-2410-0007,2ds Nintendo Pokemon Pikachu Sun And Moon Exclusivo Do Japao,"R$ 2.350,00",1,Ativo,https://www.collectorsguardian.com.br/MLB-3603771955-2ds-nintendo-pokemon-pikachu-sun-and-moon-exclusivo-do-japao-_JM#item_id=MLB3603771955,https://www.mercadolivre.com.br/anuncios/lista?filters=OMNI_ACTIVE|OMNI_INACTIVE|CHANNEL_NO_PROXIMITY_AND_NO_MP_MERCHANTS&page=1&search=3603771955,Consoles de videogames,"Explore o mundo Pokémon com o Nintendo 2DS Pokémon Sun and Moon light blue, um console incomum de se encontrar, modelo exclusivo do Japão que vai encantar fãs do Pikachu/Pokemon. Este console foi limitado tem o Pikachu na capa e no console, e com certeza vai se tornar uma preciosidade no futuro. Se você ama colecionar ou jogar, essa é sua chance de ter um console especial. Não perca esta chance!
Serial do console está batendo! 
Tudo está nas imagens, o console é usado, pode haver alguns pequenos riscos nada grave, no meu julgamento é lindo! Mas analise as imagens por si mesmo."
39,https://http2.mlstatic.com/D_NQ_NP_822173-MLB74774641896_032024-O.jpg,MLB3614350597,002-2410-0050,Funko Pop Argyle 1302 - Stranger Things -  Autêntico,"R$ 129,00",1,Ativo,https://www.collectorsguardian.com.br/MLB-3614350597-funko-pop-argyle-1302---stranger-things----autêntico-_JM#item_id=MLB3614350597,https://www.mercadolivre.com.br/anuncios/lista?filters=OMNI_ACTIVE|OMNI_INACTIVE|CHANNEL_NO_PROXIMITY_AND_NO_MP_MERCHANTS&page=1&search=3614350597,Figuras de ação,"Adicione o querido personagem Argyle à sua coleção com este Funko Pop! Inspirado na série Stranger Things, este boneco colecionável é uma adição essencial para os fãs da série. Com cerca de 10 centímetros de altura e detalhes impressionantes, este Funko Pop é novo, autêntico e pronto para ser exibido. Traga um pouco do charme e da diversão de Argyle para sua estante com este item colecionável."
41,https://http2.mlstatic.com/D_NQ_NP_834641-MLB79986865963_102024-O.jpg,MLB3643324939,002-2410-0052,Cyberpunk 2077 J. Silverhand Figure Keanu Reeves Dark Horse,"R$ 699,00",1,Ativo,https://www.collectorsguardian.com.br/MLB-3643324939-cyberpunk-2077-j.-silverhand-figure-keanu-reeves-dark-horse-_JM#item_id=MLB3643324939,https://www.mercadolivre.com.br/anuncios/lista?filters=OMNI_ACTIVE|OMNI_INACTIVE|CHANNEL_NO_PROXIMITY_AND_NO_MP_MERCHANTS&page=1&search=3643324939,Figuras de ação,"Apresentando o icônico personagem Johnny Silverhand, interpretado por Keanu Reeves, o Figure Cyberpunk 2077 Dark Horse Deluxe é uma peça de colecionador imperdível para os fãs do jogo e do ator. Embora o item já tenha sido aberto, ele nunca foi exposto, garantindo que esteja em condições de novo. Licenciado pela Cd Red Project, este item é uma representação autêntica do personagem. Adicione esta estátua impressionante à sua coleção e traga um pedaço do mundo de Cyberpunk 2077 para sua casa."
42,https://http2.mlstatic.com/D_NQ_NP_645034-MLB75516225491_042024-O.jpg,MLB3643398245,002-2410-0053,Figure Jason Friday The 13 - Mezcotoyz Com Som,"R$ 799,00",1,Ativo,https://www.collectorsguardian.com.br/MLB-3643398245-figure-jason-friday-the-13---mezcotoyz-com-som-_JM#item_id=MLB3643398245,https://www.mercadolivre.com.br/anuncios/lista?filters=OMNI_ACTIVE|OMNI_INACTIVE|CHANNEL_NO_PROXIMITY_AND_NO_MP_MERCHANTS&page=1&search=3643398245,Figuras de ação,"Apresentando o icônico vilão do horror, o Figure Jason Friday the 13 original da marca Mezco Toyz MEGA FIGURE WITH SOUND é uma peça de colecionador imperdível para os fãs do gênero. Com detalhes meticulosos e uma altura impressionante, esta figura lacrada traz todo o terror do Jason Voorhees para a sua coleção. Além disso, com som incorporado, você pode reviver as cenas assustadoras dos filmes sempre que desejar. Não perca a chance de adicionar essa obra-prima do horror à sua coleção."
43,https://http2.mlstatic.com/D_NQ_NP_873284-MLB79735476750_102024-O.jpg,MLB3644127933,003-2410-0010,Nintendo Super Famicom ,"R$ 1.499,00",1,Ativo,https://www.collectorsguardian.com.br/MLB-3644127933-nintendo-super-famicom--_JM#item_id=MLB3644127933,https://www.mercadolivre.com.br/anuncios/lista?filters=OMNI_ACTIVE|OMNI_INACTIVE|CHANNEL_NO_PROXIMITY_AND_NO_MP_MERCHANTS&page=1&search=3644127933,Consoles de videogames,"**Para Venda: Console Super Famicom - Versão Japonesa**

**Descrição:**
- **Console Super Famicom:** O console está em boas condições, julgue pelas fotos fornecidas. 
- **Itens Inclusos:** 2 controles, fonte de alimentação, cabo AV e manual. 
- **Serial da caixa corresponde:** O número serial do console corresponde ao da caixa, garantindo autenticidade. (Serial bate)
- **Condição da Caixa:** Apresenta alguns detalhes conforme as imagens fornecidas.
- **Amarelamento Leve:** Devido à idade, o console pode apresentar um leve amarelamento, o que é comum em dispositivos vintage.

**Nota:** As fotos detalhadas são do item em si e sem edições, estão disponíveis para sua avaliação.

**Entre em contato para mais informações."
49,https://http2.mlstatic.com/D_NQ_NP_995754-MLB77303981227_062024-O.jpg,MLB3759079661,002-2410-0057,Funko Pop Nino Kuni Ii Revenant Kingdom 328 Evan Higgledy,"R$ 99,00",1,Ativo,https://www.collectorsguardian.com.br/MLB-3759079661-funko-pop-nino-kuni-ii-revenant-kingdom-328-evan-higgledy-_JM#item_id=MLB3759079661,https://www.mercadolivre.com.br/anuncios/lista?filters=OMNI_ACTIVE|OMNI_INACTIVE|CHANNEL_NO_PROXIMITY_AND_NO_MP_MERCHANTS&page=1&search=3759079661,Figuras de ação,"Adquira a figura **Funko Pop! Games Nº 328 - Evan com Higgledy** da série Ni No Kuni II. Este colecionável é ideal para fãs do jogo e colecionadores de Funko Pop!.

#### Detalhes do Produto:
- **Personagem:** Evan com Higgledy
- **Série:** Ni No Kuni II
- **Número:** 328
- **Material:** Vinil
- **Altura:** Aproximadamente 3 3/4 polegadas (9,5 cm)
- **Condição:** Usado, em bom estado de conservação (julgue por si mesmo nas imagens detalhadas fornecidas)

Esta é uma excelente adição para qualquer coleção de Funko Pop! ou fã de Ni No Kuni II. Não perca a oportunidade de ter essa figura em sua coleção!"
50,https://http2.mlstatic.com/D_NQ_NP_800408-MLB77090963180_062024-O.jpg,MLB3759099903,002-2410-0058,Kimetsu No Yaiba Nezuko Glitter Glamour Demon Slayer,"R$ 215,00",1,Ativo,https://www.collectorsguardian.com.br/MLB-3759099903-kimetsu-no-yaiba-nezuko-glitter-glamour-demon-slayer-_JM#item_id=MLB3759099903,https://www.mercadolivre.com.br/anuncios/lista?filters=OMNI_ACTIVE|OMNI_INACTIVE|CHANNEL_NO_PROXIMITY_AND_NO_MP_MERCHANTS&page=1&search=3759099903,Figuras de ação,"Adquira a linda **Figura Nezuko Glitter & Glamours** da série Kimetsu no Yaiba, produzida pela Bandai Banpresto. Esta figura captura perfeitamente a essência de Nezuko Kamado, uma das personagens mais queridas da série.

#### Detalhes do Produto:
- **Personagem:** Nezuko Kamado
- **Série:** Kimetsu no Yaiba (Demon Slayer)
- **Fabricante:** Bandai Banpresto
- **Linha:** Glitter & Glamours
- **Altura:** Aproximadamente 23 cm
- **Material:** PVC
- **Condição:** sem uso, em excelente estado de conservação

#### Características:
- **Design Elegante:** Posição dinâmica e acabamento brilhante que destaca a figura

Garanta já a sua **Figura Nezuko Glitter & Glamours** e adicione um toque especial à sua coleção! Qualquer dúvida, não hesite em perguntar."
51,https://http2.mlstatic.com/D_NQ_NP_618852-MLB77200025256_072024-O.jpg,MLB3764899669,003-2410-0013,Playstation 4 Edição Limitada Street Fighter V - Only Japan.,"R$ 6.490,00",1,Ativo,https://www.collectorsguardian.com.br/MLB-3764899669-playstation-4-edição-limitada-street-fighter-v---only-japan.-_JM#item_id=MLB3764899669,https://www.mercadolivre.com.br/anuncios/lista?filters=OMNI_ACTIVE|OMNI_INACTIVE|CHANNEL_NO_PROXIMITY_AND_NO_MP_MERCHANTS&page=1&search=3764899669,Consoles de videogames,"Apresentamos o **PS4 Modelo Fat Edição Limitada Street Fighter V**, um console raro e exclusivo, lançado apenas no Japão. Este console é uma verdadeira joia para colecionadores e fãs da série Street Fighter.

**Detalhes do Produto:**
- **Modelo:** PS4 Fat
- **Edição:** Street Fighter V Limited Edition
- **Disponibilidade:** Exclusivo do Japão
- **Condição:** Usado, em ótimo estado de conservação (julgue por si mesmo com as imagens)

**Características:**
- **Design Exclusivo:** O console apresenta um design temático único inspirado em Street Fighter V, com detalhes exclusivos que celebram a icônica série de jogos de luta.
- **Raridade:** Este modelo é raro, até mesmo no Japão, sendo mais difícil de encontrar do que edições limitadas como o PS4 500 Milhões. A exclusividade deste console o torna um item de alto valor para colecionadores.
- **Estado de Conservação:** O console está em ótimo estado de conservação, como demonstrado nas imagens. Asseguramos que todas as funcionalidades estão intactas, proporcionando uma excelente experiência de jogo.

**Observações:**
- As imagens fornecidas são do próprio produto, permitindo que você julgue o estado de conservação por si mesmo.
- **Exclusividade no Brasil:** Que nós saibamos, somos os únicos disponibilizando esse console no Brasil. Embora acreditemos que outras pessoas já tenham oferecido este item em outras ocasiões, nunca vimos outro à venda recentemente.
- **Oportunidade Única:** Devido à sua raridade e estado de conservação, não sabemos quando outro console deste modelo estará disponível novamente.

Adicione uma peça extremamente exclusiva à sua coleção com este PS4 Fat Edição Limitada Street Fighter V! 


**Qualquer dúvida, entre em contato!**"
65,https://http2.mlstatic.com/D_NQ_NP_847448-MLB77691182122_072024-O.jpg,MLB3790314435,002-2410-0060,Final Fantasy 7 Crisis Core Plays Arts Action Figure Cloud,"R$ 950,00",1,Ativo,https://www.collectorsguardian.com.br/MLB-3790314435-final-fantasy-7-crisis-core-plays-arts-action-figure-cloud-_JM#item_id=MLB3790314435,https://www.mercadolivre.com.br/anuncios/lista?filters=OMNI_ACTIVE|OMNI_INACTIVE|CHANNEL_NO_PROXIMITY_AND_NO_MP_MERCHANTS&page=1&search=3790314435,Figuras de ação,"Adicione Zack Fair à Sua Coleção

Adicione o icônico Zack Fair de Crisis Core: Final Fantasy VII à sua coleção com esta incrível action figure oficial da linha Play Arts. Perfeito para fãs de Final Fantasy e colecionadores de action figures, esta peça apresenta detalhes incríveis e é uma excelente adição para qualquer coleção.

**Características:**
- **Produto:** Play Arts Action Figure - Crisis Core: Final Fantasy VII - Zack Fair
- **Condição:** Usado, em excelente estado (conforme demonstram as imagens)
- **Detalhes:** Alta qualidade de acabamento e pintura, com articulações para poses variadas
- **Acessórios:** Inclui 5 acessórios - fuzil, bastão, 1 par de mãos punho e uma cabeça extra
- **Autenticidade:** Produto oficial e licenciado pela Square Enix

**Por que Comprar Conosco?**
- **Entrega Rápida e Segura:** Enviamos com todo o cuidado para garantir que sua action figure chegue em perfeitas condições.
- **Satisfação Garantida:** Atendimento ao cliente de excelência para resolver qualquer dúvida ou necessidade.
- **Colecionador e Guardião:** Somos apaixonados por itens de colecionador e entendemos o valor de cada peça.

Garanta Já o Seu!
Complemente sua coleção com esta Action Figure Zack Fair. Uma excelente escolha para qualquer entusiasta de Final Fantasy!

**Atenção:** Produto usado, mas em excelente estado, conforme demonstram as imagens.

Frete Grátis para todo o Brasil!

Clique em **Comprar Agora** e adicione esta figura icônica à sua coleção!

**Collector's Guardian:** Aqui, o colecionismo é mais que uma paixão, é um estilo de vida.

**Consulte-nos para descontos em compras múltiplas ou em pagamentos à vista.**"
67,https://http2.mlstatic.com/D_NQ_NP_775706-MLB77916470329_072024-O.jpg,MLB3790433031,002-2410-0107,Cloud Strife Final Fantasy 7 Rebirth - Not For Sale Jp,"R$ 1.299,00",1,Ativo,https://www.collectorsguardian.com.br/MLB-3790433031-cloud-strife-final-fantasy-7-rebirth---not-for-sale-jp-_JM#item_id=MLB3790433031,https://www.mercadolivre.com.br/anuncios/lista?filters=OMNI_ACTIVE|OMNI_INACTIVE|CHANNEL_NO_PROXIMITY_AND_NO_MP_MERCHANTS&page=1&search=3790433031,Figuras de ação,"Adicione Cloud Strife à Sua Coleção

Adicione a exclusiva estátua de Cloud Strife de Final Fantasy 7 Rebirth à sua coleção. Este item especial, não disponível para venda, foi sorteado exclusivamente no lançamento do jogo nas lojas de conveniência Lawson no Japão. Perfeito para fãs de Final Fantasy e colecionadores que valorizam itens únicos e exclusivos.

**Características:**
- **Produto:** Cloud Strife - Final Fantasy 7 Rebirth
- **Origem:** Sorteado exclusivamente no lançamento do jogo nas lojas Lawson no Japão
- **Condição:** Novo, nunca exposto, apenas fotografado
- **Detalhes:** Alta qualidade de acabamento e pintura
- **Autenticidade:** Produto oficial e licenciado pela Square Enix

**Por que Este Item é Especial:**
- **Exclusividade:** Disponível apenas como prêmio em sorteios no Japão, esta estátua é difícil de encontrar.
- **Estado Impecável:** O item está novo e nunca foi exposto, preservando sua qualidade e valor.
- **Oferta Única:** Temos apenas uma unidade disponível, garantindo que você adquira um item verdadeiramente exclusivo."
71,https://http2.mlstatic.com/D_NQ_NP_809070-MLB77777543490_072024-O.jpg,MLB3795024621,002-2410-0068,Cloud Strife - Final Fantasy Vii - Virtual Toys,"R$ 2.900,00",1,Ativo,https://www.collectorsguardian.com.br/MLB-3795024621-cloud-strife---final-fantasy-vii---virtual-toys-_JM#item_id=MLB3795024621,https://www.mercadolivre.com.br/anuncios/lista?filters=OMNI_ACTIVE|OMNI_INACTIVE|CHANNEL_NO_PROXIMITY_AND_NO_MP_MERCHANTS&page=1&search=3795024621,Figuras de ação,"Apresentamos o espetacular action figure Cloud Strife VMO33A da Virtual Toys, inspirado no icônico personagem de Final Fantasy VII. Esta peça é ideal para colecionadores e fãs da série, oferecendo um nível de detalhamento e qualidade incomparáveis.

**Detalhes do Produto:**
- **Estado de Conservação:** Em excelente estado, pouco utilizado, apenas exposto em cristaleira por um curto período.
- **Conteúdo:** Completo com todos os acessórios originais e embalagem.

**Características Especiais:**
- Autêntica e detalhada semelhança de Cloud Strife com seu visual clássico do jogo Final Fantasy VII.
- Figura em escala 1/6 com aproximadamente 30 cm de altura e mais de 30 pontos de articulação.
- Inclui múltiplas mãos intercambiáveis para diversas poses e ações.
- Acessórios adicionais incluem a icônica Buster Sword e outros itens que complementam a figura.

**Observação:** Embora seja um item premium de alta qualidade, não é um produto oficial da Square Enix.

**Ofertas Especiais:**
- **Frete grátis para todo o Brasil.**
- **Parcelamento:** Em até 18x sem juros via cartão Mercado Pago ou até 12x no cartão comum.
- **Descontos:** Oferecemos descontos especiais para pagamento à vista.

Não perca a oportunidade de adicionar este incrível Cloud Strife VMO33A da Virtual Toys à sua coleção. É uma peça fantástica para qualquer colecionador e fã de Final Fantasy!"
74,https://http2.mlstatic.com/D_NQ_NP_995366-MLB79784542429_102024-O.jpg,MLB3862850909,003-2410-0018,Nintendo Family Computer Classic Mini Standard,"R$ 990,00",1,Ativo,https://www.collectorsguardian.com.br/MLB-3862850909-nintendo-family-computer-classic-mini-standard-_JM#item_id=MLB3862850909,https://www.mercadolivre.com.br/anuncios/lista?filters=OMNI_ACTIVE|OMNI_INACTIVE|CHANNEL_NO_PROXIMITY_AND_NO_MP_MERCHANTS&page=1&search=3862850909,Consoles de videogames,"Nintendo Family Computer Classic Mini Standard

O Nintendo Family Computer Classic Mini é uma recriação em miniatura do icônico console japonês, oferecendo uma coleção de jogos clássicos pré-instalados. Projetado para manter a autenticidade e a nostalgia da versão original, esta edição é ideal para colecionadores que desejam possuir uma peça significativa da história dos videogames.

Características:
- Design Original: Fiel ao modelo clássico, mantendo a estética e detalhes do Family Computer original, em formato mini.
- Jogos Pré-instalados: Conta com uma seleção de jogos clássicos que definiram uma era no universo dos videogames.

Condição:
Produto em ótimo estado.

As imagens fornecidas são reais e detalham a condição do produto.

Condições de Compra:
- Frete gratuito para todo o Brasil.
- Parcelamento em até 12 vezes sem juros no cartão comum ou até 18 vezes pelo Mercado Pago.
- Suporte completo ao cliente, garantindo uma transação segura e transparente.

Descontos disponíveis para pagamentos à vista. Em caso de compra de vários itens, consulte nosso catálogo e entre em contato para mais informações. Aqui, colecionar é mais do que um hobby – é uma forma de preservar a história dos videogames."
76,https://http2.mlstatic.com/D_NQ_NP_986035-MLB81466711659_122024-O.jpg,MLB3863572639,003-2410-0021,Playstation 4 Pro 1tb Edição Limitada Death Stranding,"R$ 4.500,00",1,Ativo,https://www.collectorsguardian.com.br/MLB-3863572639-playstation-4-pro-1tb-edição-limitada-death-stranding-_JM#item_id=MLB3863572639,https://www.mercadolivre.com.br/anuncios/lista?filters=OMNI_ACTIVE|OMNI_INACTIVE|CHANNEL_NO_PROXIMITY_AND_NO_MP_MERCHANTS&page=1&search=3863572639,Consoles de videogames,"PlayStation 4 Pro 1TB Edição Limitada Death Stranding, uma edição exclusiva ideal para colecionadores e fãs do jogo de Hideo Kojima. Com um design distinto, este console é um item cobiçado por sua estética única.

Condição do Produto: Em bom estado 

Todas as fotografias são reais, mostrando a condição e os detalhes do item.
(TH)"
124,https://http2.mlstatic.com/D_NQ_NP_951917-MLB80716064365_112024-O.jpg,MLB3908379415,002-2411-0005,Estátua Coringa - Heath Ledger,"R$ 8.500,00",1,Ativo,https://www.collectorsguardian.com.br/MLB-3908379415-estátua-coringa---heath-ledger-_JM#item_id=MLB3908379415,https://www.mercadolivre.com.br/anuncios/lista?filters=OMNI_ACTIVE|OMNI_INACTIVE|CHANNEL_NO_PROXIMITY_AND_NO_MP_MERCHANTS&page=1&search=3908379415,Figuras de ação,"Estátua Coringa - Heath Ledger

Estátua detalhada do Coringa interpretado por Heath Ledger no filme *O Cavaleiro das Trevas*. Captura com precisão a expressão icônica e o traje do personagem, ideal para colecionadores e fãs do universo DC.

Inclui:
- Estátua do Coringa (Heath Ledger) com base temática, vários trajes, tornando essa edição incrível.

Condição: Produto em excelente estado, sem detalhes.

- As imagens fornecidas são reais e detalham a condição do produto.
- Suporte completo ao cliente, garantindo uma transação segura e transparente."
128,https://http2.mlstatic.com/D_NQ_NP_858227-MLB80593711848_112024-O.jpg,MLB3913430927,003-2411-0002,Playstation 4 Star Wars - Limited Edition,"R$ 4.600,00",1,Ativo,https://www.collectorsguardian.com.br/MLB-3913430927-playstation-4-star-wars---limited-edition-_JM#item_id=MLB3913430927,https://www.mercadolivre.com.br/anuncios/lista?filters=OMNI_ACTIVE|OMNI_INACTIVE|CHANNEL_NO_PROXIMITY_AND_NO_MP_MERCHANTS&page=1&search=3913430927,Consoles de videogames,"PlayStation 4 Star Wars Limited Edition - Darth Vader

Console PlayStation 4 Star Wars Limited Edition, com design exclusivo texturizado e gravura detalhada do vilão Darth Vader. Este modelo especial é uma peça icônica para fãs da franquia Star Wars e colecionadores de consoles únicos.

Condição:  
O console e o controle apresentam riscos, que não comprometem seu funcionamento. Por favor, analise atentamente as imagens fornecidas para avaliar o estado do produto.

Atenção: Recomendamos que todas as dúvidas sejam esclarecidas antes da compra. Estamos à disposição para responder qualquer pergunta."
136,https://http2.mlstatic.com/D_NQ_NP_918663-MLB80803995588_112024-O.jpg,MLB3921742897,003-2412-0006,Playstation 4 Pro 1tb - God Of War Limited Edition Bundle Cor Leviathan Gray - Japonês,"R$ 4.500,00",1,Ativo,https://www.collectorsguardian.com.br/MLB-3921742897-playstation-4-pro-1tb---god-of-war-limited-edition-bundle-cor-leviathan-gray---japonês-_JM#item_id=MLB3921742897,https://www.mercadolivre.com.br/anuncios/lista?filters=OMNI_ACTIVE|OMNI_INACTIVE|CHANNEL_NO_PROXIMITY_AND_NO_MP_MERCHANTS&page=1&search=3921742897,Consoles de videogames,"Console PlayStation 4 Pro de 1TB na edição limitada God of War, com design exclusivo Leviathan Gray inspirado no machado de Kratos. Esta versão japonesa acompanha um controle DualShock 4 temático

Itens Inclusos:
- Console PS4 Pro 1TB Edição Limitada God of War (Leviathan Gray)
- Controle DualShock 4 temático God of War
- Cabos de energia e conexão
- Caixa e manual originais

Condição: S
- Produto em excelente estado.
- A embalagem original esta em boas condições.

- As imagens fornecidas são reais e detalham a condição do produto.
- Suporte completo ao cliente, garantindo uma transação segura e transparente.

Benefícios comprando conosco:
- Suporte completo para uma transação segura
(TH)"
137,https://http2.mlstatic.com/D_NQ_NP_714709-MLB81070875149_112024-O.jpg,MLB3921786789,003-2412-0004,Playstation 4 Slim 1tb Edição Limitada Days Of Play Blue,"R$ 4.000,00",1,Ativo,https://www.collectorsguardian.com.br/MLB-3921786789-playstation-4-slim-1tb-edição-limitada-days-of-play-blue-_JM#item_id=MLB3921786789,https://www.mercadolivre.com.br/anuncios/lista?filters=OMNI_ACTIVE|OMNI_INACTIVE|CHANNEL_NO_PROXIMITY_AND_NO_MP_MERCHANTS&page=1&search=3921786789,Consoles de videogames,"Console PlayStation 4 Slim de 1TB na edição limitada Days of Play na cor Blue. Apresenta design exclusivo com acabamento azul metálico e detalhes icônicos do PlayStation, acompanhado de controle DualShock 4 na mesma cor.

Itens Inclusos:
- Console PS4 Slim 1TB Edição Limitada Days of Play Blue
- Controle DualShock 4 Blue temático
- Cabos de energia e conexão
- Caixa e manual originais


Condição: S
- Produto em excelente estado.
- A embalagem original está intacta e em excelentes condições.

- As imagens fornecidas são reais e detalham a condição do produto.
- Suporte completo ao cliente, garantindo uma transação segura e transparente.


Benefícios comprando conosco:
- Suporte completo para uma transação segura


Explore nosso catálogo para mais opções!
(TH)"
138,https://http2.mlstatic.com/D_NQ_NP_687350-MLB80804666046_112024-O.jpg,MLB3921792467,003-2412-0003,Playstation 4 Fat 500gb Limited Edition - Final Fantasy Type-0 Hd Suzaku Edition + Controle Dualsense Final Fantasy + Final Fantasy Type-0 Hd Suzaku,"R$ 3.990,00",1,Ativo,https://www.collectorsguardian.com.br/MLB-3921792467-playstation-4-fat-500gb-limited-edition---final-fantasy-type-0-hd-suzaku-edition-+-controle-dualsense-final-fantasy-+-final-fantasy-type-0-hd-suzaku-_JM#item_id=MLB3921792467,https://www.mercadolivre.com.br/anuncios/lista?filters=OMNI_ACTIVE|OMNI_INACTIVE|CHANNEL_NO_PROXIMITY_AND_NO_MP_MERCHANTS&page=1&search=3921792467,Consoles de videogames,"Console PlayStation 4 Fat de 500GB na edição limitada Final Fantasy Type-0 HD Suzaku Edition. Esta versão exclusiva apresenta design temático inspirado no universo de Final Fantasy Type-0 e acompanha controle e jogo temáticos.

Itens Inclusos:
- Console PS4 Fat 500GB Edição Limitada Final Fantasy Type-0 HD Suzaku
- Controle DualShock temático Final Fantasy
- Jogo Final Fantasy Type-0 HD Suzaku
- Cabos de energia e conexão
- Caixa e manual originais

Condição: A
- O item foi utilizado com extremo cuidado.
- Pode haver pequenas marcas
 superficiais, mas nada que comprometa a estética ou funcionalidade. 
- A embalagem original pode ter pequenos sinais de desgaste, mas ainda está em boas condições. 
- Todos os acessórios originais e manuais estão presentes.


- As imagens fornecidas são reais e detalham a condição do produto.
- Suporte completo ao cliente, garantindo uma transação segura e transparente.


Benefícios comprando conosco:
- Suporte completo para uma transação segura


Explore nosso catálogo para mais opções!
(TH)"
167,https://http2.mlstatic.com/D_NQ_NP_763602-MLB81441945229_122024-O.jpg,MLB3932350219,003-2412-0012,Playstation 3 - Ninokuni Magical Edition - Limited Edition,"R$ 3.650,00",1,Ativo,https://www.collectorsguardian.com.br/MLB-3932350219-playstation-3---ninokuni-magical-edition---limited-edition-_JM#item_id=MLB3932350219,https://www.mercadolivre.com.br/anuncios/lista?filters=OMNI_ACTIVE|OMNI_INACTIVE|CHANNEL_NO_PROXIMITY_AND_NO_MP_MERCHANTS&page=1&search=3932350219,Consoles de videogames,"PlayStation 3 - Ni no Kuni Magical Edition
Edição especial do PlayStation 3, lançada exclusivamente no Japão, inspirada no aclamado RPG *Ni no Kuni: Wrath of the White Witch*. O console apresenta um design único, com acabamento dourado e detalhes que capturam a magia do universo do jogo.

Itens inclusos: 
- Console PlayStation 3 - NinoKuni Magical Edition 
- Controle DualShock 3 temático 
- Caixa original com design especial da edição 

Condição: 
- Produto em excelente estado de conservação e funcionamento. 
- Imagens reais detalham a condição do produto. 

Benefícios comprando conosco: 
- Suporte completo para uma transação segura  

Explore nosso catálogo para mais opções!"
171,https://http2.mlstatic.com/D_NQ_NP_936112-MLB81125688194_122024-O.jpg,MLB3933098811,002-2412-0008,Aerith Gainsborough Square - Final Fantasy Vii,"R$ 1.500,00",1,Ativo,https://www.collectorsguardian.com.br/MLB-3933098811-aerith-gainsborough-square---final-fantasy-vii-_JM#item_id=MLB3933098811,https://www.mercadolivre.com.br/anuncios/lista?filters=OMNI_ACTIVE|OMNI_INACTIVE|CHANNEL_NO_PROXIMITY_AND_NO_MP_MERCHANTS&page=1&search=3933098811,Figuras de ação,"Aerith Gainsborough - Square Enix - Final Fantasy VII 

Estatueta colecionável de Aerith Gainsborough, uma das personagens mais icônicas de Final Fantasy VII. Produzida pela Square Enix, esta peça apresenta detalhes impecáveis e acabamento premium.

Itens inclusos: 
- Estatueta de Aerith Gainsborough 
- Base personalizada para exibição 
- Caixa original 

Condição: A 
- Produto em excelente estado de conservação, com todos os itens bem preservados. 
- Imagens reais detalham a condição do produto. 

Benefícios comprando conosco: 
- Suporte completo para uma transação segura 

Explore nosso catálogo para mais opções!"
172,https://http2.mlstatic.com/D_NQ_NP_822550-MLB81393033167_122024-O.jpg,MLB3933159985,002-2412-0005,Venom Snake Bust Figure - Metal Gear Solid V,"R$ 750,00",1,Ativo,https://www.collectorsguardian.com.br/MLB-3933159985-venom-snake-bust-figure---metal-gear-solid-v-_JM#item_id=MLB3933159985,https://www.mercadolivre.com.br/anuncios/lista?filters=OMNI_ACTIVE|OMNI_INACTIVE|CHANNEL_NO_PROXIMITY_AND_NO_MP_MERCHANTS&page=1&search=3933159985,Figuras de ação,"Figura em busto detalhado de Venom Snake, inspirada no jogo Metal Gear Solid V. Esculpida com precisão, com acabamento de alta qualidade, capturando a essência do personagem.

Itens inclusos: 

- Figura em busto detalhado de Venom Snake
- Caixa especial da edição de colecionador 

 Condição: 
- Produto em excelente estado de conservação.
- Imagens reais detalham a condição do produto. 

Benefícios comprando conosco: 
- Suporte completo para uma transação segura 

Explore nosso catálogo para mais opções!"
173,https://http2.mlstatic.com/D_NQ_NP_715681-MLB81445577365_122024-O.jpg,MLB3933184711,002-2412-0002,Metal Gear Solid V - The Plantom Pain,"R$ 450,00",1,Ativo,https://www.collectorsguardian.com.br/MLB-3933184711-metal-gear-solid-v---the-plantom-pain-_JM#item_id=MLB3933184711,https://www.mercadolivre.com.br/anuncios/lista?filters=OMNI_ACTIVE|OMNI_INACTIVE|CHANNEL_NO_PROXIMITY_AND_NO_MP_MERCHANTS&page=1&search=3933184711,Figuras de ação,"Metal Gear Solid V: The Phantom Pain - PS4 

O capítulo final da lendária franquia Metal Gear Solid, desenvolvido por Hideo Kojima.

Itens inclusos: 
- Metal Gear Solid V: The Phantom Pain, item acende e emite som, oferecendo uma experiência interativa e envolvente.
- Caixa original 

Condição: A 
- Produto em excelente estado, com disco e embalagem muito bem conservados. 
- Imagens reais detalham a condição do produto. 

Benefícios comprando conosco: 
- Suporte completo para uma transação segura 
Explore nosso catálogo para mais opções!"
179,https://http2.mlstatic.com/D_NQ_NP_667398-MLB81198721598_122024-O.jpg,MLB3935508873,002-2412-0009,Tom Clancy's The Division 2 - Dark Zone - Figure,"R$ 1.990,00",1,Ativo,https://www.collectorsguardian.com.br/MLB-3935508873-tom-clancy's-the-division-2---dark-zone---figure-_JM#item_id=MLB3935508873,https://www.mercadolivre.com.br/anuncios/lista?filters=OMNI_ACTIVE|OMNI_INACTIVE|CHANNEL_NO_PROXIMITY_AND_NO_MP_MERCHANTS&page=1&search=3935508873,Figuras de ação,"Tom Clancy's The Division 2 - Dark Zone Edition - Figura  

Figura colecionável inspirada em *Tom Clancy's The Division 2*, representando um agente em ação na perigosa Dark Zone. Produzida com detalhes impressionantes, é uma peça essencial para fãs da franquia.

Itens inclusos:  
- Figura Dark Zone (Edição Especial)  
- Cd Sound Track 
-Mapa da cidade.
- Caixa Original
 

Condição: A  
- Produto em excelente estado de conservação, com todos os itens bem preservados.  
- Imagens reais detalham a condição do produto.

Benefícios comprando conosco:  
- Suporte completo para uma transação segura  

Explore nosso catálogo para mais opções!"
185,https://http2.mlstatic.com/D_NQ_NP_876879-MLB81704703601_122024-O.jpg,MLB3943381021,002-2501-0001,Qposket - Spy Family - Anya Forger,"R$ 270,00",1,Ativo,https://www.collectorsguardian.com.br/MLB-3943381021-qposket---spy-family---anya-forger-_JM#item_id=MLB3943381021,https://www.mercadolivre.com.br/anuncios/lista?filters=OMNI_ACTIVE|OMNI_INACTIVE|CHANNEL_NO_PROXIMITY_AND_NO_MP_MERCHANTS&page=1&search=3943381021,Figuras de ação,"Qposket - Spy Family - Anya Forger

Figura de colecionador da linha Qposket, baseada na adorável Anya Forger de Spy Family. Esta figura captura a personalidade cativante e o visual único de Anya, com detalhes minuciosos e uma expressão fofa.  

Características:
- Personagem: Anya Forger  
- Linha: Qposket  
- Detalhes de pintura e modelagem que ressaltam o visual encantador da personagem  
- Tamanho aproximado: 14 cm  
 
Condição 
- Produto em bom estado de conservação  

Benefícios comprando conosco
- Suporte completo para uma transação segura 

Caso precise de mais informações ou outro produto, estou à disposição!"
186,https://http2.mlstatic.com/D_NQ_NP_718125-MLB81434612064_122024-O.jpg,MLB3943476191,002-2501-0002,Qposket - Demon Slayer- Tanjiro Kamado,"R$ 160,00",1,Ativo,https://www.collectorsguardian.com.br/MLB-3943476191-qposket---demon-slayer--tanjiro-kamado-_JM#item_id=MLB3943476191,https://www.mercadolivre.com.br/anuncios/lista?filters=OMNI_ACTIVE|OMNI_INACTIVE|CHANNEL_NO_PROXIMITY_AND_NO_MP_MERCHANTS&page=1&search=3943476191,Figuras de ação,"Qposket - Demon Slayer - Tanjiro Kamado 

Figura de colecionador da linha Qposket, baseada no personagem Tanjiro Kamado de Demon Slayer. Esta figura captura toda a essência e o charme do protagonista da série, com detalhes vibrantes e uma expressão única.

  Características 
- Personagem: Tanjiro Kamado  
- Linha: Qposket  
- Detalhes de pintura e modelagem impecáveis, destacando o visual icônico do personagem  
- Tamanho aproximado: 14 cm  

Condição 
- Produto em bom estado de conservação

Benefícios comprando conosco  
- Suporte completo para uma transação segura"
201,https://http2.mlstatic.com/D_NQ_NP_873032-MLB80885101039_112024-O.jpg,MLB4322403296,003-2410-0022,Mega Drive Playtv - Item Incomum Exclusivo Do Japão,"R$ 1.999,00",1,Ativo,https://www.collectorsguardian.com.br/MLB-4322403296-mega-drive-playtv---item-incomum-exclusivo-do-japão-_JM#item_id=MLB4322403296,https://www.mercadolivre.com.br/anuncios/lista?filters=OMNI_ACTIVE|OMNI_INACTIVE|CHANNEL_NO_PROXIMITY_AND_NO_MP_MERCHANTS&page=1&search=4322403296,Consoles de videogames,"Oportunidade única para os fãs do lendário Sega Mega Drive e do icônico Sonic! Apresento a você o Mega Drive PlayTV, um console exclusivo incomum que é difícil de encontrar, ainda mais em tão perfeitas condições. Este console está impecável (julgue pelas imagens vc mesmo) e, embora eu acredite que nunca tenha sido utilizado, para garantir sua total satisfação, você pode considerá-lo como usado. Obs: a caixa pode apresentar um pouco amarelado.

Este console é uma verdadeira joia da era clássica dos videogames. Ele é uma versão miniatura do Mega Drive original, criado na época de ouro dos jogos. O destaque desta edição é o tema do Sonic, tornando-o ainda mais especial para os admiradores do ouriço azul mais rápido do mundo dos games.

Além disso, este pacote inclui 6 jogos na memória, permitindo que você mergulhe instantaneamente em alguns dos títulos mais amados da Sega. E o controle azul do Sonic exclusivo desta edição não só é funcional, mas também um item de colecionador com seu design deslumbrante.

Não perca a chance de possuir este console exclusivo e reviver a nostalgia dos anos 90 com o Sonic e outros clássicos. Compre agora e leve para casa um pedaço da história dos videogames!"
205,https://http2.mlstatic.com/D_NQ_NP_846842-MLB74089088402_012024-O.jpg,MLB4395589306,003-2410-0023,Playstation 4 Pro - Persona 5 The Royal Limited Edition Ps4 - Raro (only Japan) ,"R$ 13.500,00",1,Ativo,https://www.collectorsguardian.com.br/MLB-4395589306-playstation-4-pro---persona-5-the-royal-limited-edition-ps4---raro-(only-japan)--_JM#item_id=MLB4395589306,https://www.mercadolivre.com.br/anuncios/lista?filters=OMNI_ACTIVE|OMNI_INACTIVE|CHANNEL_NO_PROXIMITY_AND_NO_MP_MERCHANTS&page=1&search=4395589306,Consoles de videogames,"Este é um achado verdadeiramente extraordinário para os amantes de Persona e colecionadores de consoles exclusivos. Apresentamos o PS4 Pro Edição Persona 5 The Royal, um raro console que se encontra em estado imaculado, parecendo novo, como se nunca tivesse sido utilizado. O fato de ter sido trazido do Japão o torna ainda mais raro, já que é difícil encontrá-lo não apenas no Brasil, mas até mesmo em sua terra natal.

O design deste console é simplesmente deslumbrante, uma homenagem à renomada série Persona. Se você é fã dos jogos Persona ou apenas aprecia a estética única desta edição, este é o console perfeito para você. Sua beleza e raridade o tornam uma adição incrível para qualquer coleção de jogos.

Este PS4 Pro Edição Persona 5 The Royal não é apenas um console, é uma peça de arte, uma representação da paixão e dedicação dos fãs de Persona. Se você está procurando uma maneira de aprimorar sua coleção ou simplesmente deseja possuir um pedaço da cultura gamer japonesa, esta é a sua chance.

Não deixe escapar esta oportunidade única. Entre em contato conosco hoje mesmo e adquira o PS4 Pro Edição Persona 5 The Royal antes que alguém mais sorteado tenha a chance de adicioná-lo à sua coleção.

Obs: Ao efetuar o pagamento à vista, é possível obter descontos. Além disso, em caso de compra de vários itens, consulte nosso catálogo e não hesite em entrar em contato conosco para mais informações.
(TH)"
206,https://http2.mlstatic.com/D_NQ_NP_708705-MLB74198045385_012024-O.jpg,MLB4395621114,003-2410-0024,Playstation 4 1tb Limited Edition Dragon Quest Xi Slime Loto - Ps4 - (only Japan),"R$ 4.650,00",1,Ativo,https://www.collectorsguardian.com.br/MLB-4395621114-playstation-4-1tb-limited-edition-dragon-quest-xi-slime-loto---ps4---(only-japan)-_JM#item_id=MLB4395621114,https://www.mercadolivre.com.br/anuncios/lista?filters=OMNI_ACTIVE|OMNI_INACTIVE|CHANNEL_NO_PROXIMITY_AND_NO_MP_MERCHANTS&page=1&search=4395621114,Consoles de videogames,"Apresentamos o PS4 Edição Limitada de Dragon Quest, uma verdadeira obra-prima de design e uma peça única para os fãs da icônica série de RPG. Este console exclusivo do Japão é uma verdadeira jóia, com um design que captura a essência mágica do mundo de Dragon Quest.

Este exemplar encontra-se em um estado de conservação excelente, como você pode confirmar pelas imagens (julgue por si mesmo). Cada detalhe foi preservado com cuidado, garantindo que você tenha uma experiência de jogo e coleção excepcionais. A beleza deste console vai além das palavras, com elementos que fazem jus ao universo encantador de Dragon Quest.

Se você é um verdadeiro fã da série ou um entusiasta de consoles de edição limitada, este PS4 é incomum e especial de todas as maneiras possíveis. Não perca a chance de possuir esta belezinha e acrescentá-la à sua coleção. É mais do que um console; é uma expressão de amor pela saga Dragon Quest e pelo mundo dos games.

Garanta agora o seu próprio PS4 Edição Limitada de Dragon Quest e mergulhe no universo mágico deste lendário RPG japonês. Entre em contato conosco para mais detalhes e adquira esta peça única enquanto ela ainda está disponível.

Obs: Ao efetuar o pagamento à vista, é possível obter descontos. Além disso, em caso de compra de vários itens, consulte nosso catálogo e não hesite em entrar em contato conosco para mais informações.
(TH)"
207,https://http2.mlstatic.com/D_NQ_NP_758348-MLB80593872438_112024-O.jpg,MLB4396523364,003-2410-0026,Xbox 360 - Pacote Premium Arcade Star Ocean 4,"R$ 2.300,00",1,Ativo,https://www.collectorsguardian.com.br/MLB-4396523364-xbox-360---pacote-premium-arcade-star-ocean-4-_JM#item_id=MLB4396523364,https://www.mercadolivre.com.br/anuncios/lista?filters=OMNI_ACTIVE|OMNI_INACTIVE|CHANNEL_NO_PROXIMITY_AND_NO_MP_MERCHANTS&page=1&search=4396523364,Consoles de videogames,"Tenha a experiência única do Xbox 360 Pacote Premium Arcade Star Ocean 4, uma edição exclusiva do Japão que traz toda a emoção dos jogos japoneses diretamente para sua sala de estar! Este console vem acompanhado de uma faceplate exclusiva do jogo, mergulhando você no mundo de Star Ocean 4 como nunca antes.

O console apresente um leve amarelado, como demonstrado nas imagens. Compatível apenas com jogos japoneses, você terá acesso a uma ampla variedade de títulos emocionantes que oferecem gráficos de alta qualidade e jogabilidade envolvente.

Não perca esta oportunidade de adquirir um pedaço da história dos videogames com o Xbox 360 Pacote Premium Arcade Star Ocean 4 edição exclusiva do Japão. Desfrute de jogos emocionantes e da nostalgia que este console icônico proporciona. Garanta o seu hoje e embarque em uma jornada de diversão sem igual!

Console que não se vê todo dia. 

Obs: Ao efetuar o pagamento à vista, é possível obter descontos. Além disso, em caso de compra de vários itens! Consulte nosso catálogo e não hesite em entrar em contato conosco para mais informações."
215,https://http2.mlstatic.com/D_NQ_NP_936282-MLB74768219980_032024-O.jpg,MLB4490240414,002-2410-0072,Dragon Ball Z - Goku - Dx Re Birth 01 Megahouse,"R$ 799,00",1,Ativo,https://www.collectorsguardian.com.br/MLB-4490240414-dragon-ball-z---goku---dx-re-birth-01-megahouse-_JM#item_id=MLB4490240414,https://www.mercadolivre.com.br/anuncios/lista?filters=OMNI_ACTIVE|OMNI_INACTIVE|CHANNEL_NO_PROXIMITY_AND_NO_MP_MERCHANTS&page=1&search=4490240414,Figuras de ação,"Descubra a verdadeira essência de Dragon Ball com este incrível figure do GOKU, DX DRACAP RE BIRTH 01 da Megahouse! Este item exclusivo e oficial da marca Megahouse é uma edição limitada que todo fã de Dragon Ball precisa ter em sua coleção.

Com um tamanho aproximado de 13 mm, este figure apresenta três versões do icônico Goku: criança, Super Saiyajin e Super Saiyajin 3. Cada versão é meticulosamente detalhada, capturando perfeitamente a essência e o poder do lendário guerreiro.

Este figure é verdadeiramente deslumbrante, com detalhes incríveis que o tornam uma peça de destaque em qualquer coleção. Desde os músculos definidos até os cabelos esvoaçantes, cada aspecto foi cuidadosamente trabalhado para garantir uma representação autêntica do personagem.

Além disso, este item foi aberto apenas para tirar fotografias, garantindo que esteja em condições impecáveis para o próximo sortudo que o adquirir. Não perca a chance de adicionar este figure DX DRACAP RE BIRTH 01 à sua coleção de Dragon Ball. Seja você um colecionador ávido ou um fã casual, este item é uma verdadeira obra de arte que irá destacar e enriquecer sua coleção."
217,https://http2.mlstatic.com/D_NQ_NP_996556-MLB74771733946_032024-O.jpg,MLB4490883282,002-2410-0074,Funko Pop Hashirama & Tobirama Pack 2 - Naruto - Autêntico,"R$ 319,00",1,Ativo,https://www.collectorsguardian.com.br/MLB-4490883282-funko-pop-hashirama-&-tobirama-pack-2---naruto---autêntico-_JM#item_id=MLB4490883282,https://www.mercadolivre.com.br/anuncios/lista?filters=OMNI_ACTIVE|OMNI_INACTIVE|CHANNEL_NO_PROXIMITY_AND_NO_MP_MERCHANTS&page=1&search=4490883282,Figuras de ação,"Complete sua coleção com o pack duplo de Hashirama e Tobirama! Inspirado em Naruto Shippuden, este conjunto de Funko Pop apresenta os lendários irmãos Senju em detalhes impressionantes. Com cerca de 10 centímetros de altura cada, estes Funko Pops são novos, autênticos e prontos para serem exibidos. Adicione um toque de poder shinobi à sua estante com este conjunto colecionável."
218,https://http2.mlstatic.com/D_NQ_NP_603394-MLB74773750390_032024-O.jpg,MLB4491119162,002-2410-0077,Funko Pop Eddie 1462 - Iron Maiden - Novo E Autêntico,"R$ 149,00",1,Ativo,https://www.collectorsguardian.com.br/MLB-4491119162-funko-pop-eddie-1462---iron-maiden---novo-e-autêntico-_JM#item_id=MLB4491119162,https://www.mercadolivre.com.br/anuncios/lista?filters=OMNI_ACTIVE|OMNI_INACTIVE|CHANNEL_NO_PROXIMITY_AND_NO_MP_MERCHANTS&page=1&search=4491119162,Figuras de ação,"Adicione o lendário mascote da banda Iron Maiden, Eddie, à sua coleção com este Funko Pop! Inspirado na icônica banda de heavy metal, este boneco colecionável é uma adição essencial para os fãs da música. Com cerca de 10 centímetros de altura e detalhes impressionantes, este Funko Pop é novo, autêntico e pronto para ser exibido. Deixe o espírito do rock'n'roll fluir na sua estante com este item colecionável."
219,https://http2.mlstatic.com/D_NQ_NP_768865-MLU78914490176_092024-O.jpg,MLB4498336030,002-2410-0084,Funko Pop: Stranger Things Eddie Com Guitarra Metálica 1462,"R$ 165,00",1,Ativo,https://www.collectorsguardian.com.br/MLB-4498336030-funko-pop:-stranger-things-eddie-com-guitarra-metálica-1462-_JM#item_id=MLB4498336030,https://www.mercadolivre.com.br/anuncios/lista?filters=OMNI_ACTIVE|OMNI_INACTIVE|CHANNEL_NO_PROXIMITY_AND_NO_MP_MERCHANTS&page=1&search=4498336030,Figuras de ação,"Bem-vindo ao Hunter Eddie Metalic, direto da popular série da Netflix, Stranger Things! Este incrível modelo metálico exclusivo da Pop TV é dedicado a um dos personagens principais da série, Hunter Eddie. 
 
 O guitarrista Hunter Eddie em sua edição metálica é inspirado na 4ª temporada. Sua camiseta, calça preta, lenço e guitarra do Hell Fire Club foram recriados com o design pop Funko que todos nós amamos. 
 
 Collect: 
 
 Funko Pop TV: Stranger Things - Hunter Eddie com guitarra metálica exclusiva 
 
 Os personagens mais icônicos chegam de uma forma única e incrível, respeitando os detalhes e fabricados com a mais alta qualidade. 
 
 Detalhes adicionais: 
 
 Feito de vinil. 
 Altura de aproximadamente 9,5 cm. 
 Inspirado na série original da Netflix Stranger Things."
220,https://http2.mlstatic.com/D_NQ_NP_981611-MLU78478465233_082024-O.jpg,MLB4498361754,002-2410-0085,Funko Pop Naruto Shippuden 2 Pack Hashirama & Tobirama Exclusivo,"R$ 348,00",1,Ativo,https://www.collectorsguardian.com.br/MLB-4498361754-funko-pop-naruto-shippuden-2-pack-hashirama-&-tobirama-exclusivo-_JM#item_id=MLB4498361754,https://www.mercadolivre.com.br/anuncios/lista?filters=OMNI_ACTIVE|OMNI_INACTIVE|CHANNEL_NO_PROXIMITY_AND_NO_MP_MERCHANTS&page=1&search=4498361754,Figuras de ação,"A empresa americana Funko afirma que “todo mundo é fã de alguma coisa”. Portanto, se dedica à criação de figuras colecionáveis para gerar felicidade para fãs de todas as idades.

Materiais nobres
As figuras de ação são feitas de pvc/plástico isso garante que elas sejam agradáveis e suaves ao toque, diferenciando as diferentes texturas e relevos do corpo das personagens.

Ideal para colecionadores
Uma das atividades que você poderá fazer com esse tipo de figuras é colecionar elas e armazená-las num lugar especial. À medida que você conheça mais e mais, sua coleção crescerá e se tornará mais variada."
222,https://http2.mlstatic.com/D_NQ_NP_656097-MLB75311443705_032024-O.jpg,MLB4543347892,003-2410-0033,Psp 1 Seg Pack Blue Slim & Lite - Limited Edition,"R$ 1.920,00",1,Ativo,https://www.collectorsguardian.com.br/MLB-4543347892-psp-1-seg-pack-blue-slim-&-lite---limited-edition-_JM#item_id=MLB4543347892,https://www.mercadolivre.com.br/anuncios/lista?filters=OMNI_ACTIVE|OMNI_INACTIVE|CHANNEL_NO_PROXIMITY_AND_NO_MP_MERCHANTS&page=1&search=4543347892,Consoles de videogames,"Apresento-lhe o incrível PSP azul modelo 1 Seg Pack Slim & Lite 2000 XM! Este console está em condições impecáveis, como pode ser visto nas imagens. Além do design elegante, esta versão vem com uma série de extras exclusivos. Com a antena para TV, você pode desfrutar de entretenimento em qualquer lugar. A inclusão da flanela garante que seu PSP permaneça impecável. E não podemos esquecer da bolsa exclusiva da edição, que não só protege o console, mas também o torna fácil de transportar. O cartão adiciona conveniência extra para armazenar seus jogos e arquivos. Embora o suporte esteja em falta, isso não diminui a qualidade deste incrível pacote. Não deixe escapar esta oportunidade de possuir um dos consoles mais icônicos da história dos videogames!

OBS: nesse momento a bateria está em falta."
223,https://http2.mlstatic.com/D_NQ_NP_686743-MLB76358681282_052024-O.jpg,MLB4707940534,002-2410-0096,Super Mario Bros. Luigi's Mansion 3 Collector's Edition,"R$ 1.990,00",1,Ativo,https://www.collectorsguardian.com.br/MLB-4707940534-super-mario-bros.-luigi's-mansion-3-collector's-edition-_JM#item_id=MLB4707940534,https://www.mercadolivre.com.br/anuncios/lista?filters=OMNI_ACTIVE|OMNI_INACTIVE|CHANNEL_NO_PROXIMITY_AND_NO_MP_MERCHANTS&page=1&search=4707940534,Figuras de ação,"Explore o mundo mágico de Luigi's Mansion 3 com a mais nova adição à sua coleção! A Collector's Edition da First4Figures traz para você uma obra-prima detalhada, perfeita para os fãs e colecionadores da Nintendo.

Feita com cuidado e atenção aos detalhes, captura a essência de Luigi perfeitamente. Desde o seu chapéu verde característico até o seu confiável Poltergust G-00 e seu companheiro Polterpup, tudo nesta estátua está impecável. É uma ótima adição a qualquer coleção de fãs e uma maneira maravilhosa de mostrar seu amor pela franquia Luigi’s Mansion.

Estado Impecável: Esta edição está em ótimo estado de conservação, preservada com o maior cuidado para garantir que você receba uma peça praticamente nova.
Detalhes Precisos: Cada figura é esculpida com precisão, capturando a essência de Luigi em sua missão para salvar Mario e seus amigos.
Materiais Premium: Feita com os melhores materiais, garantindo durabilidade e um acabamento premium que resistirá ao tempo.
Efeitos de Iluminação: Inclui efeitos de luz impressionantes que dão vida ao cenário assombrado do jogo.
Base Temática: Acompanha uma base elaborada que complementa perfeitamente a figura, representando o ambiente icônico do jogo.
Caixa Danificada: A caixa original apresenta alguns danos, mas isso não afeta a qualidade e a beleza da figura em si."
246,https://http2.mlstatic.com/D_NQ_NP_800115-MLB77912481605_072024-O.jpg,MLB4934481442,002-2410-0098,Batman Furyu Justice League Special Figure Importado Japão,"R$ 1.050,00",1,Ativo,https://www.collectorsguardian.com.br/MLB-4934481442-batman-furyu-justice-league-special-figure-importado-japão-_JM#item_id=MLB4934481442,https://www.mercadolivre.com.br/anuncios/lista?filters=OMNI_ACTIVE|OMNI_INACTIVE|CHANNEL_NO_PROXIMITY_AND_NO_MP_MERCHANTS&page=1&search=4934481442,Figuras de ação,"Adicione Batman Justice League à Sua Coleção

Adicione o icônico Batman da Justice League à sua coleção com esta figura especial da marca japonesa Furyu. Exclusiva e importada diretamente do Japão, esta figura é perfeita para fãs de DC e colecionadores de figuras. Com detalhes incríveis e uma excelente qualidade de acabamento, esta peça é uma adição essencial para qualquer coleção.

**Características:**
- **Produto:** Batman Furyu Justice League Special Figure
- **Marca:** Furyu
- **Origem:** Importada do Japão
- **Condição:** Novo, na embalagem original
- **Detalhes:** Alta qualidade de acabamento e pintura
- **Autenticidade:** Produto oficial e licenciado pela marca Furyu

**Por que Comprar Conosco?**
- **Entrega Rápida e Segura:** Enviamos com todo o cuidado para garantir que sua figura chegue em perfeitas condições.
- **Satisfação Garantida:** Atendimento ao cliente de excelência para resolver qualquer dúvida ou necessidade.
- **Colecionador e Guardião:** Somos apaixonados por itens de colecionador e entendemos o valor de cada peça.

**Parcelamento sem Juros!**
Adquira esta incrível figura do Batman com parcelamento em até 12 vezes sem juros com cartão comum ou até 18 vezes sem juros com cartão Mercado Pago.

**Frete Grátis!**
Aproveite o frete grátis para todo o Brasil e receba esta figura exclusiva diretamente na sua casa.

Garanta Já o Seu!
Complemente sua coleção com esta figura do Batman Justice League. Uma excelente escolha para qualquer entusiasta de DC Comics!

Clique em **Comprar Agora** e adicione esta figura icônica à sua coleção!

**Collector's Guardian:** Aqui, o colecionismo é mais que uma paixão, é um estilo de vida.

**Consulte-nos para descontos em compras múltiplas ou em pagamentos à vista.**"
249,https://http2.mlstatic.com/D_NQ_NP_963665-MLB77704552412_072024-O.jpg,MLB4935929968,002-2410-0099,Destiny 2 Ace Of Spades Miniatura Bungie Oficial,"R$ 500,00",1,Ativo,https://www.collectorsguardian.com.br/MLB-4935929968-destiny-2-ace-of-spades-miniatura-bungie-oficial-_JM#item_id=MLB4935929968,https://www.mercadolivre.com.br/anuncios/lista?filters=OMNI_ACTIVE|OMNI_INACTIVE|CHANNEL_NO_PROXIMITY_AND_NO_MP_MERCHANTS&page=1&search=4935929968,Figuras de ação,"Destiny 2 Ace of Spades Réplica Miniatura - Item Exclusivo e Oficial!

**Descrição:**

Adicione a Réplica do Ace of Spades de Destiny 2 à Sua Coleção

Adicione a icônica réplica do Ace of Spades de Destiny 2 à sua coleção. Esta edição especial da Bungie é perfeita para fãs de Destiny e colecionadores de itens exclusivos. Uma peça que certamente se destaca em qualquer coleção.

**Características:**
- **Produto:** Réplica do Ace of Spades - Destiny 2
- **Origem:** Edição exclusiva da Bungie
- **Condição:** Usado, com uma pequena quebra no arco do gatilho (conforme demonstram as imagens)
- **Detalhes:** Réplica altamente detalhada do canhão de mão exótico Ace of Spades, com acabamentos iridescentes e efeitos de envelhecimento
- **Dimensões:** Aproximadamente 14 centímetros de comprimento
- **Autenticidade:** Produto oficial e licenciado pela Bungie, apresentado em uma caixa de colecionador premium

**Por que Este Item é Especial:**
- **Exclusividade:** Esta réplica é baseada na arma exótica do Vanguard Hunter Cayde-6, um item icônico para os fãs de Destiny 2.
- **Alta Qualidade:** Feita de materiais de alta qualidade, esta réplica apresenta detalhes precisos e acabamento de primeira linha.
- **Item Incomum:** É difícil encontrar esta réplica no Brasil, tornando-a uma peça especial para colecionadores.

**Benefícios de Comprar Conosco:**
- **Atendimento Premium:** Oferecemos suporte completo para garantir sua satisfação com a compra.

Garanta Já o Seu!
Complemente sua coleção com esta réplica do Ace of Spades. Uma excelente escolha para qualquer entusiasta de Destiny 2!

**Observação:** Temos apenas uma unidade disponível e não sabemos quando ou se teremos outra.

Clique em **Comprar Agora** e adicione esta peça única à sua coleção!

**Collector's Guardian:** Aqui, o colecionismo é mais que uma paixão, é um estilo de vida.

**Consulte-nos para descontos em compras múltiplas ou em pagamentos à vista.**"
250,https://http2.mlstatic.com/D_NQ_NP_924878-MLB77776827048_072024-O.jpg,MLB4946967936,002-2410-0100,Final Fantasy Xv Ultimate Collector's Edition - Only Japão,"R$ 3.685,00",1,Ativo,https://www.collectorsguardian.com.br/MLB-4946967936-final-fantasy-xv-ultimate-collector's-edition---only-japão-_JM#item_id=MLB4946967936,https://www.mercadolivre.com.br/anuncios/lista?filters=OMNI_ACTIVE|OMNI_INACTIVE|CHANNEL_NO_PROXIMITY_AND_NO_MP_MERCHANTS&page=1&search=4946967936,Figuras de ação,"Apresentamos a deslumbrante Ultimate Collector's Edition de Final Fantasy XV, uma edição exclusiva do Japão. Esta edição especial é uma verdadeira joia para colecionadores e fãs da série, oferecendo uma experiência única e itens exclusivos.

**Detalhes do Produto:**
- **Estado de Conservação:** Edição em excelente estado de conservação.
- **Conteúdo:**
  - 2 Steelbooks exclusivos.
  - Disco de trilha sonora.
  - Chaveiro exclusivo.
  - Artbook maravilhoso.
  - Action figure do protagonista.
  - Todos os itens estão lindos de doer!

**Caixa:** Acompanha a caixa de serviço original, também em excelente estado.

**Ofertas Especiais:**
- **Frete grátis para todo o Brasil.**
- **Descontos:** Oferecemos descontos especiais para pagamento à vista.

Não perca a oportunidade de adquirir esta edição especial e rara de Final Fantasy XV. É uma adição fantástica para qualquer coleção e uma chance única de possuir um pedaço da história de Final Fantasy!"
251,https://http2.mlstatic.com/D_NQ_NP_968862-MLB79394520658_092024-O.jpg,MLB5089609766,002-2409-0040,Final Fantasy 7 Vii Collectors Edition - Sephiroth,"R$ 4.600,00",1,Ativo,https://www.collectorsguardian.com.br/MLB-5089609766-final-fantasy-7-vii-collectors-edition---sephiroth-_JM#item_id=MLB5089609766,https://www.mercadolivre.com.br/anuncios/lista?filters=OMNI_ACTIVE|OMNI_INACTIVE|CHANNEL_NO_PROXIMITY_AND_NO_MP_MERCHANTS&page=1&search=5089609766,Figuras de ação,"Action Figure Sephiroth: Final Fantasy 7 Remake Deluxe
(Somente a Estatua)
Descrição: Esta action figure Deluxe do Sephiroth, do Final Fantasy 7 Remake, captura perfeitamente a essência deste icônico vilão. Com detalhes impressionantes e articulações de alta qualidade, é uma peça indispensável para qualquer colecionador e fã da série, ideal para exibição ou recriação de cenas memoráveis.

Condição do Produto: Usado, em excelente estado, com a embalagem original.

Adicione esta figura à sua coleção e destaque-se com um item que simboliza a grandiosidade do universo Final Fantasy.

Transforme cada item em uma peça de arte em sua coleção."
252,https://http2.mlstatic.com/D_NQ_NP_901075-MLB79741023390_102024-O.jpg,MLB5096361062,002-2410-0101,Action Figure - Hot Toys Mis 12 Bruce Lee,"R$ 2.500,00",1,Ativo,https://www.collectorsguardian.com.br/MLB-5096361062-action-figure---hot-toys-mis-12-bruce-lee-_JM#item_id=MLB5096361062,https://www.mercadolivre.com.br/anuncios/lista?filters=OMNI_ACTIVE|OMNI_INACTIVE|CHANNEL_NO_PROXIMITY_AND_NO_MP_MERCHANTS&page=1&search=5096361062,Figuras de ação,"Figura de ação da Hot Toys, representando Bruce Lee em sua ""Wear Version"", com 12 polegadas de altura, em perfeito estado de conservação. Esta peça de coleção oferece detalhes altamente realistas, com acabamentos precisos que refletem fielmente a imagem do icônico artista marcial. Uma edição que se destaca por sua qualidade de fabricação, ideal para colecionadores de figuras articuladas e fãs de Bruce Lee.

Características:
- Detalhamento Realista: Escultura de rosto e trajes minuciosamente detalhados, seguindo os padrões de qualidade Hot Toys.
- Nova e Intacta: A figura está nova, com todas as articulações e acessórios preservados, mantendo a integridade da peça.

Condição:
Produto em ótimo estado, sem sinais de desgaste ou danos. 

As imagens fornecidas são reais e detalham a condição exata da figura e sua embalagem.

Condições de Compra:
- Frete grátis para todo o Brasil.
- Parcelamento disponível em até 12 vezes sem juros no cartão comum ou até 18 vezes pelo Mercado Pago.
- Suporte completo ao cliente para uma experiência de compra segura.

Descontos disponíveis para pagamentos à vista. Caso deseje adquirir outros itens ou tenha dúvidas, consulte nosso catálogo e entre em contato para informações adicionais. Aqui, a precisão e qualidade no colecionismo são levadas a sério."
253,https://http2.mlstatic.com/D_NQ_NP_955725-MLM53060930937_122022-O.jpg,MLB5096361194,002-2410-0102,Argyle Funko Pop Tv Stranger Things 4,"R$ 165,00",1,Ativo,https://www.collectorsguardian.com.br/MLB-5096361194-argyle-funko-pop-tv-stranger-things-4-_JM#item_id=MLB5096361194,https://www.mercadolivre.com.br/anuncios/lista?filters=OMNI_ACTIVE|OMNI_INACTIVE|CHANNEL_NO_PROXIMITY_AND_NO_MP_MERCHANTS&page=1&search=5096361194,Figuras de ação,"A empresa americana Funko sustenta que todo mundo é fã de alguma coisa. Por isso, ele se dedica a criar figuras colecionáveis para trazer felicidade aos fãs de todas as idades."
254,https://http2.mlstatic.com/D_NQ_NP_956054-MLB80622514982_112024-O.jpg,MLB5096388934,002-2410-0110,Wolverine X-men Origins Hot Toys Boneco Action Figure 1//6,"R$ 3.300,00",1,Ativo,https://www.collectorsguardian.com.br/MLB-5096388934-wolverine-x-men-origins-hot-toys-boneco-action-figure-1//6-_JM#item_id=MLB5096388934,https://www.mercadolivre.com.br/anuncios/lista?filters=OMNI_ACTIVE|OMNI_INACTIVE|CHANNEL_NO_PROXIMITY_AND_NO_MP_MERCHANTS&page=1&search=5096388934,Figuras de ação,"Hot Toys X-Men Zero Wolverine Hugh Jackman 1/6 Scale MMS103 – Action Figure
Figura de ação da Hot Toys, baseada no personagem Wolverine interpretado por Hugh Jackman na franquia X-Men. Em escala 1/6, modelo MMS103, esta peça é projetada para colecionadores que buscam qualidade e detalhes precisos. A figura captura fielmente a aparência do personagem, incluindo trajes e expressões faciais, mantendo-se fiel ao filme.

Detalhes do produto:

Marca: Hot Toys
Escala: 1/6
Modelo: MMS103
Personagem: Wolverine (Hugh Jackman)
Inclui todos os acessórios originais e componentes intactos.
Condição:

Usada, em ótimo estado geral de conservação.
Observação: O cinto apresenta sinais de desgaste (descascando), mas a figura permanece íntegra e visualmente impressionante.
Destaques:

Réplica fiel e detalhada de Wolverine, com acabamento de alta qualidade que representa de forma realista o personagem interpretado por Hugh Jackman.
Ideal para colecionadores exigentes que valorizam figuras detalhadas e autênticas.
As imagens fornecidas são do próprio produto, permitindo que você avalie sua condição. Para pagamentos à vista, oferecemos descontos e, para compras de múltiplos itens, consulte nosso catálogo. Entre em contato para mais informações.

Aqui, colecionar é um estilo de vida, com foco na autenticidade e preservação da história dos personagens icônicos."
288,https://http2.mlstatic.com/D_NQ_NP_963655-MLB79911768926_102024-O.jpg,MLB5135163220,003-2410-0056,Nintendo 3ds L L - Luigi The Year Of 30th - Edição Limitada,"R$ 2.550,00",1,Ativo,https://www.collectorsguardian.com.br/MLB-5135163220-nintendo-3ds-l-l---luigi-the-year-of-30th---edição-limitada-_JM#item_id=MLB5135163220,https://www.mercadolivre.com.br/anuncios/lista?filters=OMNI_ACTIVE|OMNI_INACTIVE|CHANNEL_NO_PROXIMITY_AND_NO_MP_MERCHANTS&page=1&search=5135163220,Consoles de videogames,"Apresentando o Nintendo 3DS LL ""The Year of Luigi 30 TH"" Edition, uma edição limitada extraordinária em honra aos 30 anos do icônico personagem Luigi! Este console, em estado excelente como demonstrado pelas imagens, é uma preciosidade para colecionadores e entusiastas. Completo com manuais, cartões e todos os acessórios originais da época, este console oferece uma experiência autêntica e nostálgica, seu serial confere. Não perca a chance de adquirir esta verdadeira joia da Nintendo e celebrar o legado de Luigi com o Nintendo 3DS LL The Year of Luigi Edition!"
292,https://http2.mlstatic.com/D_NQ_NP_749348-MLB80717058691_112024-O.jpg,MLB5178923842,003-2411-0001,Playstation 4 - Dark Souls Iii - Limited Edition,"R$ 15.500,00",1,Ativo,https://www.collectorsguardian.com.br/MLB-5178923842-playstation-4---dark-souls-iii---limited-edition-_JM#item_id=MLB5178923842,https://www.mercadolivre.com.br/anuncios/lista?filters=OMNI_ACTIVE|OMNI_INACTIVE|CHANNEL_NO_PROXIMITY_AND_NO_MP_MERCHANTS&page=1&search=5178923842,Consoles de videogames,"Console PlayStation 4 - Dark Souls III Limited Edition

Edição limitada do console PlayStation 4 temática de *Dark Souls III*. Apresenta design exclusivo inspirado no jogo.
Inclui:
- Console PlayStation 4 Limited Edition *Dark Souls III*
- Controle DualShock 4 com design temático
- Cabos de energia e conexão

Condição: Produto em excelente estado. 

- As imagens fornecidas são reais e detalham a condição do produto.
- Suporte completo ao cliente, garantindo uma transação segura e transparente."
302,https://http2.mlstatic.com/D_NQ_NP_834310-MLA80914009078_122024-O.jpg,MLB5200885018,003-2412-0001,Playstation 4 Pro 1tb Start Wars Battlefront - Novo! Ii Limited Edition + Controle Dualsense Star Wars Battlefront Ii,"R$ 7.500,00",1,Ativo,https://www.collectorsguardian.com.br/MLB-5200885018-playstation-4-pro-1tb-start-wars-battlefront---novo!-ii-limited-edition-+-controle-dualsense-star-wars-battlefront-ii-_JM#item_id=MLB5200885018,https://www.mercadolivre.com.br/anuncios/lista?filters=OMNI_ACTIVE|OMNI_INACTIVE|CHANNEL_NO_PROXIMITY_AND_NO_MP_MERCHANTS&page=1&search=5200885018,Consoles de videogames,"Console PlayStation 4 Pro de 1TB na edição limitada Star Wars Battlefront II. Apresenta um design lindo e exclusivo com detalhes temáticos inspirados no universo de Star Wars.

ITEM NOVO SEM USO!!!

ESPECIFICAÇÕES

- Fabricante: Sony
- Dimensões: 295 × 55 × 327 mm
- Peso: 3.3 kg
- Capacidade: 1 TB
- Memória RAM: 8 GB
- Voltagem: Bi-Volt
- CPU: X86-64 AMD ""Jaguar"", 8 núcleos
- GPU: 4.20 TFLOPS. Motor gráfico com base em AMD Radeon
- Resolução Máxima: 4K(2160p)/HDR
- Cor: Preto Jet Black Fosco e Brilhante com Detalhes em Vermelho e Cinza

itens Inclusos:
- Console PS4 Pro 1TB Edição Limitada Star Wars Battlefront II
- Controle DualShock 4 temático
- Jogo Star Wars Battlefront II
- Cabos de energia e conexão
- Caixa e manual originais


Condição: N
- Produto em excelente estado, não utilizado.
- Caixa Lacrada


- As imagens fornecidas são reais e detalham a condição do produto.
- Suporte completo ao cliente, garantindo uma transação segura e transparente.


Benefícios comprando conosco:
- Suporte completo para uma transação segura


Explore nosso catálogo para mais opções!"
326,https://http2.mlstatic.com/D_NQ_NP_846519-MLB81121150470_122024-O.jpg,MLB5219514092,003-2412-0009,Xbox Classico - Platinum 3 Bundle,"R$ 3.750,00",1,Ativo,https://www.collectorsguardian.com.br/MLB-5219514092-xbox-classico---platinum-3-bundle-_JM#item_id=MLB5219514092,https://www.mercadolivre.com.br/anuncios/lista?filters=OMNI_ACTIVE|OMNI_INACTIVE|CHANNEL_NO_PROXIMITY_AND_NO_MP_MERCHANTS&page=1&search=5219514092,Consoles de videogames,"Xbox Clássico - Platinum 3 
O console Xbox original, pioneiro da Microsoft no mercado de videogames, é uma peça histórica com uma vasta biblioteca de jogos icônicos. Ideal para colecionadores e fãs de retro gaming.

Itens inclusos: 
- Console Xbox Clássico Platinum 3 
- Jogos inclusos:
- Project Gotham Racing 2
- Top Spin
- Blinx 2
- Halo

Condição: 
- Produto em excelente estado de conservação e funcionamento. 
- Imagens reais detalham a condição do produto. 

Benefícios comprando conosco: 
- Suporte completo para uma transação segura"
327,https://http2.mlstatic.com/D_NQ_NP_608856-MLB81365988399_122024-O.jpg,MLB5219514100,003-2412-0008,Nintendo Wii New Super Mario Bros - Red,"R$ 2.750,00",1,Ativo,https://www.collectorsguardian.com.br/MLB-5219514100-nintendo-wii-new-super-mario-bros---red-_JM#item_id=MLB5219514100,https://www.mercadolivre.com.br/anuncios/lista?filters=OMNI_ACTIVE|OMNI_INACTIVE|CHANNEL_NO_PROXIMITY_AND_NO_MP_MERCHANTS&page=1&search=5219514100,Consoles de videogames,"Nintendo Wii - New Super Mario Bros Edition (Vermelho) 

Edição especial do Nintendo Wii na cor vermelha, comemorativa ao 25º aniversário de Super Mario Bros. E se destaca pelo design vibrante e icônico de comemoração de 25th de Super Mario Bros.

Itens inclusos: 
- Console Nintendo Wii (Vermelho) 
- Controle Wii Remote Plus com Motion Plus integrado (Vermelho) e Case de Silicone, Oficial/Licenciado Nintendo.
- Nunchuk (Vermelho) 
- Fonte de alimentação 
- Sensor de movimento 
 
Condição:
- Produto em excelente estado de conservação e funcionamento. 
- Imagens reais detalham a condição do produto. 

Benefícios comprando conosco: 
- Suporte completo para uma transação segura"
338,https://http2.mlstatic.com/D_NQ_NP_711700-MLB81467255473_122024-O.jpg,MLB5225455226,003-2412-0014,Psp Giga Pack 1gb - Ceramic White,"R$ 1.450,00",1,Ativo,https://www.collectorsguardian.com.br/MLB-5225455226-psp-giga-pack-1gb---ceramic-white-_JM#item_id=MLB5225455226,https://www.mercadolivre.com.br/anuncios/lista?filters=OMNI_ACTIVE|OMNI_INACTIVE|CHANNEL_NO_PROXIMITY_AND_NO_MP_MERCHANTS&page=1&search=5225455226,Consoles de videogames,"PSP Giga Pack 1GB - Ceramic White 
Edição especial do PSP na cor Ceramic White, acompanhada do Giga Pack, que inclui acessórios e um Memory Stick de 1GB. Para quem busca uma experiência completa no console portátil da Sony.

Itens inclusos: 
- Console PSP Ceramic White 
- Memory Stick Pro Duo de 1GB 
- Cabo USB 
- Fonte de alimentação 
- Caixa original do Giga Pack 

Condição: B 
- Produto em bom estado com sinais de uso .
- Imagens reais detalham a condição do produto. 

Benefícios comprando conosco: 
- Suporte completo para uma transação segura 

Explore nosso catálogo para mais opções!"
339,https://http2.mlstatic.com/D_NQ_NP_619327-MLB81198983188_122024-O.jpg,MLB5225455228,003-2412-0015,Psp Metal Gear Solid: Peace Walker - Premium Package,"R$ 3.350,00",1,Ativo,https://www.collectorsguardian.com.br/MLB-5225455228-psp-metal-gear-solid:-peace-walker---premium-package-_JM#item_id=MLB5225455228,https://www.mercadolivre.com.br/anuncios/lista?filters=OMNI_ACTIVE|OMNI_INACTIVE|CHANNEL_NO_PROXIMITY_AND_NO_MP_MERCHANTS&page=1&search=5225455228,Consoles de videogames,"PSP Metal Gear Solid: Peace Walker - Premium Package  
Edição especial do PSP inspirada em *Metal Gear Solid: Peace Walker*, trazendo design exclusivo e itens colecionáveis para os fãs da franquia de Hideo Kojima. Uma peça única que celebra a lendária série Metal Gear Solid.

Itens inclusos:  
- Console PSP-3000 temático de Metal Gear Solid: Peace Walker  
- Jogo Metal Gear Solid: Peace Walker (mídia física, UMD)  
- Caixa original da edição Premium Package  
- Bolsa exclusiva personalizada  


Condição: A  
- Produto em ótimo estado de funcionamento.
- Imagens reais detalham a condição do produto.

Benefícios comprando conosco:  
- Suporte completo para uma transação segura  

Explore nosso catálogo para mais opções!"
362,https://http2.mlstatic.com/D_NQ_NP_640456-MLB81536984718_012025-O.jpg,MLB5245975858,003-2501-0001,Playstation 4 20th Anniversary Limited Edition - Ps4 20 Anos 03194/12300,"R$ 21.500,00",1,Ativo,https://www.collectorsguardian.com.br/MLB-5245975858-playstation-4-20th-anniversary-limited-edition---ps4-20-anos-03194/12300-_JM#item_id=MLB5245975858,https://www.mercadolivre.com.br/anuncios/lista?filters=OMNI_ACTIVE|OMNI_INACTIVE|CHANNEL_NO_PROXIMITY_AND_NO_MP_MERCHANTS&page=1&search=5245975858,Consoles de videogames,"Este é um item verdadeiramente especial para os entusiastas do PlayStation e colecionadores entusiastas. Estamos oferecendo o console PS4 Edição 20 Anos, uma homenagem única aos 20 anos de sucesso da marca PlayStation. Este console é ainda mais especial, pois é numerado, e o seu número é o 03194 de um total de apenas 12.300 unidades produzidas em todo o mundo. Isso torna este exemplar ainda mais exclusivo e valioso para os fãs da marca.

Em otimo estado de conservação, a caixa pode apresentar alguns pequenos detalhes devido ao transporte ao longo dos anos, mas são mínimas e não afetam a integridade do produto em si.

Esta edição limitada não apenas presta homenagem à história da PlayStation, mas também é um testemunho da evolução dos jogos ao longo das décadas.

Não hesite em entrar em contato conosco caso tenha alguma dúvida ou deseje mais informações sobre este console PS4 Edição 20 Anos. Este é um item que certamente será o destaque da sua coleção.

Obs: Ao efetuar o pagamento à vista, é possível obter descontos. Além disso, em caso de compra de vários itens! Consulte nosso catálogo e não hesite em entrar em contato conosco para mais informações."
363,https://http2.mlstatic.com/D_NQ_NP_709856-MLB81807383953_012025-O.jpg,MLB5246004044,002-2501-0003,Figure Pikachu E Eevee Original/licenciado,"R$ 540,00",1,Ativo,https://www.collectorsguardian.com.br/MLB-5246004044-figure-pikachu-e-eevee-original/licenciado-_JM#item_id=MLB5246004044,https://www.mercadolivre.com.br/anuncios/lista?filters=OMNI_ACTIVE|OMNI_INACTIVE|CHANNEL_NO_PROXIMITY_AND_NO_MP_MERCHANTS&page=1&search=5246004044,Figuras de ação,"Figure Pikachu e Eevee Original/Licenciado - Pokémon 

Figura colecionável de Figure Pikachu e Eevee Original/Licenciado, Produzida com detalhes precisos e acabamento premium.

Itens inclusos: 
- Figure Pikachu e Eevee Original/Licenciado
- Base personalizada para exibição 
- Caixa original 

Condição: A 
- Produto em excelente estado de conservação. 
- Imagens reais detalham a condição do produto. 

Benefícios comprando conosco: 
- Suporte completo para uma transação segura 

Explore nosso catálogo para mais opções!"
367,https://http2.mlstatic.com/D_NQ_NP_733588-MLB81541453472_012025-O.jpg,MLB5246388590,002-2501-0004,Ocelot Bust Figure - Metal Gear Solid V,"R$ 750,00",1,Ativo,https://www.collectorsguardian.com.br/MLB-5246388590-ocelot-bust-figure---metal-gear-solid-v-_JM#item_id=MLB5246388590,https://www.mercadolivre.com.br/anuncios/lista?filters=OMNI_ACTIVE|OMNI_INACTIVE|CHANNEL_NO_PROXIMITY_AND_NO_MP_MERCHANTS&page=1&search=5246388590,Figuras de ação,"Figura em busto detalhado de Ocelot, inspirada no jogo Metal Gear Solid V. Esculpida com precisão, com acabamento de alta qualidade, capturando a essência do personagem.

Itens inclusos: 

- Figura em busto detalhado de Ocelot
- Caixa especial da edição de colecionador 

 Condição: 
- Produto em excelente estado de conservação.
- Imagens reais detalham a condição do produto. 

Benefícios comprando conosco: 
- Suporte completo para uma transação segura 

Explore nosso catálogo para mais opções!"
