,ITEM_ID,SKU,TITLE
53,MLB3772756473,001-2410-0481,Call Of Duty 4: Modern Warfare
54,MLB3772868423,001-2410-0482,The Elder Scrolls 4 Oblivion - Xbox 360
55,MLB3773778757,001-2410-0485,The Last Remnant - Xbox 360
94,MLB3869070257,001-2410-0377,Genso Suiko Gaiden Vol.1 - Ps1 Original
95,MLB3869097271,001-2410-0368,Real Sound: Kaze No Regret - Sega Saturn - Original
96,MLB3869234517,001-2410-0528,Puyo Puyo 2 - Super Famicom
146,MLB3927204649,001-2412-0141,Watch Dogs Legion - Steelbook Gold Edition - Ps4
147,MLB3927223933,001-2412-0140,Granblue Fantasy Relink - Ps4
148,MLB3927276769,001-2412-0139,F.i.s.t: Forged In Shadow Torch Limited Edition Ps4 Lacrado
190,MLB4101853990,001-2410-0699,The Last Of Us Ellie Edition Europeia - Ps3
191,MLB4105807400,001-2410-0564,Assassins Creed Iv Black Flag Skull Edition Ps4 
192,MLB4106998096,001-2410-0565,Gta - The Xbox Collection (only Japan)
240,MLB4899528262,001-2410-0624,Shin Sangoku Musou 2 - Xbox Classic
241,MLB4904950010,001-2410-0627,Overwatch Origins Edition - Ps4
242,MLB4905166602,001-2410-0630,Street Fighter 4 - Xbox 360
286,MLB5134814900,001-2410-0728,Box Ico/shadow Of The Colossus Limited Edition Ps3
287,MLB5134814900,001-2410-0728,Box Ico/shadow Of The Colossus Limited Edition Ps3
291,MLB5178922084,001-2411-0003,Persona 4 - Limited Edition Para Ps3
334,MLB5225370800,001-2412-0152,Volante Wii Original Hori - Mario Kart 8
335,MLB5225406140,001-2412-0153,Cold Fear - Mídia Física - Ps2 Coleção Cold Fear - Original
336,MLB5225410352,001-2412-0154,Volante Wii Original Hori - Mario Kart 8 - Luigi
